First Name,Last Name,Email Address,Company,Title,Phone
Test,User 1,testuser1@notarealcompany.org,Not A Real Company Enterprises,alpha tester,111-111-1111
Test,User 2,testuser2@notarealcompany.org,Not A Real Company Enterprises,beta tester,222-222-2222
Test,User 3,testuser3@notarealcompany.org,Not A Real Company Enterprises,gamma tester,333-333-3333
Test,User 4,testuser4@notarealcompany.org,Not A Real Company Enterprises,delta tester,444-444-4444
Test,User 5,testuser5@notarealcompany.org,Not A Real Company Enterprises,epsilon tester,555-555-5555
Test,User 6,testuser6@notarealcompany.org,Not A Real Company Enterprises,zeta tester,666-666-6666
Test,User 7,testuser7@notarealcompany.org,Not A Real Company Enterprises,eta tester,777-777-7777
Test,User 8,testuser8@notarealcompany.org,Not A Real Company Enterprises,theta tester,888-888-8888
Test,User 9,testuser9@notarealcompany.org,Not A Real Company Enterprises,iota tester,999-999-9999
Test,User 10,testuser10@notarealcompany.org,Not A Real Company Enterprises,kappa tester,000-000-0000